Sub Job,Cost Code Tier 1,Cost Code Tier 2,Cost Code Tier 3,Cost Type,Budget Code,Budget Code Description,Original Budget Amount,Budget Modifications,Approved COs,Revised Budget,Pending Budget Changes,Projected Budget,Committed Costs,Direct Costs,Job to Date Costs,Pending Cost Changes,Projected Costs,Forecast To Complete,Estimated Cost at Completion,Projected over Under
None,None,None,None,None,"","",0.0,0.0,0.0,0.0,0.0,0.0,0.0,0.0,0.0,0.0,0.0,0.0,0.0,0.0
0000 - CLOSED - DO NOT USE,03 - ESTIMATING,03-01 - GENERAL CONDITIONS,03-01-025 - PLAN COPY EXPENSE,MAT - Materials,0000.03-01-025.MAT,CLOSED - DO NOT USE.PLAN COPY EXPENSE.Materials,0.0,1032.4,0.0,1032.4,0.0,1032.4,0.0,1032.4,1032.4,0.0,1032.4,0.0,1032.4,0.0
0000 - CLOSED - DO NOT USE,03 - ESTIMATING,03-01 - GENERAL CONDITIONS,03-01-413 - ESTIMATING,LAB - Labor,0000.03-01-413.LAB,CLOSED - DO NOT USE.ESTIMATING.Labor,0.0,127360.67,0.0,127360.67,0.0,127360.67,0.0,127360.67,127360.67,0.0,127360.67,0.0,127360.67,0.0
0000 - CLOSED - DO NOT USE,03 - ESTIMATING,03-01 - GENERAL CONDITIONS,03-01-413 - ESTIMATING,LBN - Labor Burden,0000.03-01-413.LBN,CLOSED - DO NOT USE.ESTIMATING.Labor Burden,0.0,24487.19,0.0,24487.19,0.0,24487.19,0.0,24487.19,24487.19,0.0,24487.19,0.0,24487.19,0.0
0000 - CLOSED - DO NOT USE,03 - ESTIMATING,03-01 - GENERAL CONDITIONS,03-01-413 - ESTIMATING,MAT - Materials,0000.03-01-413.MAT,CLOSED - DO NOT USE.ESTIMATING.Materials,0.0,4278.99,0.0,4278.99,0.0,4278.99,0.0,4278.99,4278.99,0.0,4278.99,0.0,4278.99,0.0
1000 - TROPICAL WOLRD NURSERY-CONSTR,10 - GENERAL CONDITIONS,10-01 - GENERAL CONDITIONS,10-01-025 - PLAN COPY EXPENSE,MAT - Materials,1000.10-01-025.MAT,TROPICAL WOLRD NURSERY-CONSTR.PLAN COPY EXPENSE.Materials,8500.0,0.0,0.0,8500.0,0.0,8500.0,0.0,294.43,294.43,0.0,294.43,8205.57,8500.0,0.0
1000 - TROPICAL WOLRD NURSERY-CONSTR,10 - GENERAL CONDITIONS,10-01 - GENERAL CONDITIONS,10-01-100 - PRECONSTRUCTION,LAB - Labor,1000.10-01-100.LAB,TROPICAL WOLRD NURSERY-CONSTR.PRECONSTRUCTION.Labor,54720.0,0.0,0.0,54720.0,0.0,54720.0,0.0,0.0,0.0,0.0,0.0,54720.0,54720.0,0.0
1000 - TROPICAL WOLRD NURSERY-CONSTR,10 - GENERAL CONDITIONS,10-01 - GENERAL CONDITIONS,10-01-302 - VDC DIRECTOR,LAB - Labor,1000.10-01-302.LAB,TROPICAL WOLRD NURSERY-CONSTR.VDC DIRECTOR.Labor,79934.29,-1000.0,0.0,78934.29,0.0,78934.29,0.0,1846.2,1846.2,0.0,1846.2,77088.09,78934.29,0.0
1000 - TROPICAL WOLRD NURSERY-CONSTR,10 - GENERAL CONDITIONS,10-01 - GENERAL CONDITIONS,10-01-302 - VDC DIRECTOR,LBN - Labor Burden,1000.10-01-302.LBN,TROPICAL WOLRD NURSERY-CONSTR.VDC DIRECTOR.Labor Burden,0.0,1000.0,0.0,1000.0,0.0,1000.0,0.0,418.93,418.93,0.0,418.93,581.07,1000.0,0.0
1000 - TROPICAL WOLRD NURSERY-CONSTR,10 - GENERAL CONDITIONS,10-01 - GENERAL CONDITIONS,10-01-308 - ASSISTANT PROJECT MANAGER,LAB - Labor,1000.10-01-308.LAB,TROPICAL WOLRD NURSERY-CONSTR.ASSISTANT PROJECT MANAGER.Labor,345113.28,-109022.66,0.0,236090.62,0.0,236090.62,0.0,11876.8,11876.8,0.0,11876.8,224213.82,236090.62,0.0
1000 - TROPICAL WOLRD NURSERY-CONSTR,10 - GENERAL CONDITIONS,10-01 - GENERAL CONDITIONS,10-01-308 - ASSISTANT PROJECT MANAGER,LBN - Labor Burden,1000.10-01-308.LBN,TROPICAL WOLRD NURSERY-CONSTR.ASSISTANT PROJECT MANAGER.Labor Burden,0.0,69022.66,0.0,69022.66,0.0,69022.66,0.0,2301.34,2301.34,0.0,2301.34,66721.32,69022.66,0.0
1000 - TROPICAL WOLRD NURSERY-CONSTR,10 - GENERAL CONDITIONS,10-01 - GENERAL CONDITIONS,10-01-308 - ASSISTANT PROJECT MANAGER,MAT - Materials,1000.10-01-308.MAT,TROPICAL WOLRD NURSERY-CONSTR.ASSISTANT PROJECT MANAGER.Materials,18163.86,0.0,0.0,18163.86,0.0,18163.86,0.0,0.0,0.0,0.0,0.0,18163.86,18163.86,0.0
1000 - TROPICAL WOLRD NURSERY-CONSTR,10 - GENERAL CONDITIONS,10-01 - GENERAL CONDITIONS,10-01-310 - ACCOUNTING,LAB - Labor,1000.10-01-310.LAB,TROPICAL WOLRD NURSERY-CONSTR.ACCOUNTING.Labor,59017.14,-12000.0,0.0,47017.14,0.0,47017.14,0.0,158.68,158.68,0.0,158.68,46858.46,47017.14,0.0
1000 - TROPICAL WOLRD NURSERY-CONSTR,10 - GENERAL CONDITIONS,10-01 - GENERAL CONDITIONS,10-01-310 - ACCOUNTING,LBN - Labor Burden,1000.10-01-310.LBN,TROPICAL WOLRD NURSERY-CONSTR.ACCOUNTING.Labor Burden,0.0,12000.0,0.0,12000.0,0.0,12000.0,0.0,31.08,31.08,0.0,31.08,11968.92,12000.0,0.0
1000 - TROPICAL WOLRD NURSERY-CONSTR,10 - GENERAL CONDITIONS,10-01 - GENERAL CONDITIONS,10-01-311 - EXECUTIVE MANAGEMENT,LAB - Labor,1000.10-01-311.LAB,TROPICAL WOLRD NURSERY-CONSTR.EXECUTIVE MANAGEMENT.Labor,175198.45,-35039.69,0.0,140158.76,0.0,140158.76,0.0,22222.94,22222.94,0.0,22222.94,117935.82,140158.76,0.0
1000 - TROPICAL WOLRD NURSERY-CONSTR,10 - GENERAL CONDITIONS,10-01 - GENERAL CONDITIONS,10-01-311 - EXECUTIVE MANAGEMENT,LBN - Labor Burden,1000.10-01-311.LBN,TROPICAL WOLRD NURSERY-CONSTR.EXECUTIVE MANAGEMENT.Labor Burden,0.0,35039.69,0.0,35039.69,0.0,35039.69,0.0,4405.39,4405.39,0.0,4405.39,30634.3,35039.69,0.0
1000 - TROPICAL WOLRD NURSERY-CONSTR,10 - GENERAL CONDITIONS,10-01 - GENERAL CONDITIONS,10-01-311 - EXECUTIVE MANAGEMENT,MAT - Materials,1000.10-01-311.MAT,TROPICAL WOLRD NURSERY-CONSTR.EXECUTIVE MANAGEMENT.Materials,9220.97,0.0,0.0,9220.97,0.0,9220.97,0.0,4976.24,4976.24,0.0,4976.24,4244.73,9220.97,0.0
1000 - TROPICAL WOLRD NURSERY-CONSTR,10 - GENERAL CONDITIONS,10-01 - GENERAL CONDITIONS,10-01-312 - SUPERINTENDENT 1,LAB - Labor,1000.10-01-312.LAB,TROPICAL WOLRD NURSERY-CONSTR.SUPERINTENDENT 1.Labor,249170.89,-49834.18,0.0,199336.71,0.0,199336.71,0.0,3173.28,3173.28,0.0,3173.28,196163.43,199336.71,0.0
1000 - TROPICAL WOLRD NURSERY-CONSTR,10 - GENERAL CONDITIONS,10-01 - GENERAL CONDITIONS,10-01-312 - SUPERINTENDENT 1,LBN - Labor Burden,1000.10-01-312.LBN,TROPICAL WOLRD NURSERY-CONSTR.SUPERINTENDENT 1.Labor Burden,0.0,49834.18,0.0,49834.18,0.0,49834.18,0.0,774.84,774.84,0.0,774.84,49059.34,49834.18,0.0
1000 - TROPICAL WOLRD NURSERY-CONSTR,10 - GENERAL CONDITIONS,10-01 - GENERAL CONDITIONS,10-01-312 - SUPERINTENDENT 1,MAT - Materials,1000.10-01-312.MAT,TROPICAL WOLRD NURSERY-CONSTR.SUPERINTENDENT 1.Materials,13114.26,0.0,0.0,13114.26,0.0,13114.26,0.0,300.0,300.0,0.0,300.0,12814.26,13114.26,0.0
1000 - TROPICAL WOLRD NURSERY-CONSTR,10 - GENERAL CONDITIONS,10-01 - GENERAL CONDITIONS,10-01-314 - SUPERINTENDENT 2,LAB - Labor,1000.10-01-314.LAB,TROPICAL WOLRD NURSERY-CONSTR.SUPERINTENDENT 2.Labor,436077.14,-87215.43,0.0,348861.71,0.0,348861.71,0.0,71375.84,71375.84,0.0,71375.84,277485.87,348861.71,0.0
1000 - TROPICAL WOLRD NURSERY-CONSTR,10 - GENERAL CONDITIONS,10-01 - GENERAL CONDITIONS,10-01-314 - SUPERINTENDENT 2,LBN - Labor Burden,1000.10-01-314.LBN,TROPICAL WOLRD NURSERY-CONSTR.SUPERINTENDENT 2.Labor Burden,0.0,87215.43,0.0,87215.43,0.0,87215.43,0.0,15959.44,15959.44,0.0,15959.44,71255.99,87215.43,0.0
1000 - TROPICAL WOLRD NURSERY-CONSTR,10 - GENERAL CONDITIONS,10-01 - GENERAL CONDITIONS,10-01-314 - SUPERINTENDENT 2,MAT - Materials,1000.10-01-314.MAT,TROPICAL WOLRD NURSERY-CONSTR.SUPERINTENDENT 2.Materials,22951.43,-95.05,0.0,22856.38,0.0,22856.38,0.0,4525.02,4525.02,0.0,4525.02,18331.36,22856.38,0.0
1000 - TROPICAL WOLRD NURSERY-CONSTR,10 - GENERAL CONDITIONS,10-01 - GENERAL CONDITIONS,10-01-315 - ASST SUPERINTENDENT,LAB - Labor,1000.10-01-315.LAB,TROPICAL WOLRD NURSERY-CONSTR.ASST SUPERINTENDENT.Labor,125196.43,6960.0,0.0,132156.43,0.0,132156.43,0.0,10789.92,10789.92,0.0,10789.92,121366.51,132156.43,0.0
1000 - TROPICAL WOLRD NURSERY-CONSTR,10 - GENERAL CONDITIONS,10-01 - GENERAL CONDITIONS,10-01-315 - ASST SUPERINTENDENT,LBN - Labor Burden,1000.10-01-315.LBN,TROPICAL WOLRD NURSERY-CONSTR.ASST SUPERINTENDENT.Labor Burden,0.0,33040.0,0.0,33040.0,0.0,33040.0,0.0,2742.97,2742.97,0.0,2742.97,30297.03,33040.0,0.0
1000 - TROPICAL WOLRD NURSERY-CONSTR,10 - GENERAL CONDITIONS,10-01 - GENERAL CONDITIONS,10-01-315 - ASST SUPERINTENDENT,MAT - Materials,1000.10-01-315.MAT,TROPICAL WOLRD NURSERY-CONSTR.ASST SUPERINTENDENT.Materials,6589.29,0.0,0.0,6589.29,0.0,6589.29,0.0,525.07,525.07,0.0,525.07,6064.22,6589.29,0.0
1000 - TROPICAL WOLRD NURSERY-CONSTR,10 - GENERAL CONDITIONS,10-01 - GENERAL CONDITIONS,10-01-317 - PROJECT COORDINATOR,LAB - Labor,1000.10-01-317.LAB,TROPICAL WOLRD NURSERY-CONSTR.PROJECT COORDINATOR.Labor,243715.71,-48743.14,0.0,194972.57,0.0,194972.57,0.0,21004.44,21004.44,0.0,21004.44,173968.13,194972.57,0.0
1000 - TROPICAL WOLRD NURSERY-CONSTR,10 - GENERAL CONDITIONS,10-01 - GENERAL CONDITIONS,10-01-317 - PROJECT COORDINATOR,LBN - Labor Burden,1000.10-01-317.LBN,TROPICAL WOLRD NURSERY-CONSTR.PROJECT COORDINATOR.Labor Burden,0.0,48743.14,0.0,48743.14,0.0,48743.14,0.0,4325.1,4325.1,0.0,4325.1,44418.04,48743.14,0.0
1000 - TROPICAL WOLRD NURSERY-CONSTR,10 - GENERAL CONDITIONS,10-01 - GENERAL CONDITIONS,10-01-317 - PROJECT COORDINATOR,MAT - Materials,1000.10-01-317.MAT,TROPICAL WOLRD NURSERY-CONSTR.PROJECT COORDINATOR.Materials,12827.14,0.0,0.0,12827.14,0.0,12827.14,0.0,1130.92,1130.92,0.0,1130.92,11696.22,12827.14,0.0
1000 - TROPICAL WOLRD NURSERY-CONSTR,10 - GENERAL CONDITIONS,10-01 - GENERAL CONDITIONS,10-01-318 - PROJECT MANAGER,LAB - Labor,1000.10-01-318.LAB,TROPICAL WOLRD NURSERY-CONSTR.PROJECT MANAGER.Labor,557541.43,-268572.49,0.0,288968.94,0.0,288968.94,0.0,52791.6,52791.6,0.0,52791.6,236177.34,288968.94,0.0
1000 - TROPICAL WOLRD NURSERY-CONSTR,10 - GENERAL CONDITIONS,10-01 - GENERAL CONDITIONS,10-01-318 - PROJECT MANAGER,LBN - Labor Burden,1000.10-01-318.LBN,TROPICAL WOLRD NURSERY-CONSTR.PROJECT MANAGER.Labor Burden,0.0,111508.29,0.0,111508.29,0.0,111508.29,0.0,10572.66,10572.66,0.0,10572.66,100935.63,111508.29,0.0
1000 - TROPICAL WOLRD NURSERY-CONSTR,10 - GENERAL CONDITIONS,10-01 - GENERAL CONDITIONS,10-01-318 - PROJECT MANAGER,MAT - Materials,1000.10-01-318.MAT,TROPICAL WOLRD NURSERY-CONSTR.PROJECT MANAGER.Materials,29344.29,0.0,0.0,29344.29,0.0,29344.29,0.0,4680.31,4680.31,0.0,4680.31,24663.98,29344.29,0.0
1000 - TROPICAL WOLRD NURSERY-CONSTR,10 - GENERAL CONDITIONS,10-01 - GENERAL CONDITIONS,10-01-340 - SCHEDULING,MAT - Materials,1000.10-01-340.MAT,TROPICAL WOLRD NURSERY-CONSTR.SCHEDULING.Materials,41072.25,0.0,0.0,41072.25,0.0,41072.25,0.0,6100.0,6100.0,0.0,6100.0,34972.25,41072.25,0.0
1000 - TROPICAL WOLRD NURSERY-CONSTR,10 - GENERAL CONDITIONS,10-01 - GENERAL CONDITIONS,10-01-422 - ENGINEERING,MAT - Materials,1000.10-01-422.MAT,TROPICAL WOLRD NURSERY-CONSTR.ENGINEERING.Materials,1000.0,0.0,0.0,1000.0,0.0,1000.0,0.0,0.0,0.0,0.0,0.0,1000.0,1000.0,0.0
1000 - TROPICAL WOLRD NURSERY-CONSTR,10 - GENERAL CONDITIONS,10-01 - GENERAL CONDITIONS,10-01-460 - SAFETY SUPERVISOR,LAB - Labor,1000.10-01-460.LAB,TROPICAL WOLRD NURSERY-CONSTR.SAFETY SUPERVISOR.Labor,57742.62,-548.52,0.0,57194.1,0.0,57194.1,0.0,490.48,490.48,0.0,490.48,56703.62,57194.1,0.0
1000 - TROPICAL WOLRD NURSERY-CONSTR,10 - GENERAL CONDITIONS,10-01 - GENERAL CONDITIONS,10-01-460 - SAFETY SUPERVISOR,LBN - Labor Burden,1000.10-01-460.LBN,TROPICAL WOLRD NURSERY-CONSTR.SAFETY SUPERVISOR.Labor Burden,0.0,548.52,0.0,548.52,0.0,548.52,0.0,100.26,100.26,0.0,100.26,448.26,548.52,0.0
1000 - TROPICAL WOLRD NURSERY-CONSTR,10 - GENERAL CONDITIONS,10-01 - GENERAL CONDITIONS,10-01-460 - SAFETY SUPERVISOR,MAT - Materials,1000.10-01-460.MAT,TROPICAL WOLRD NURSERY-CONSTR.SAFETY SUPERVISOR.Materials,3039.09,0.0,0.0,3039.09,0.0,3039.09,0.0,466.39,466.39,0.0,466.39,2572.7,3039.09,0.0
1000 - TROPICAL WOLRD NURSERY-CONSTR,10 - GENERAL CONDITIONS,10-01 - GENERAL CONDITIONS,10-01-500 - FURNITURE,MAT - Materials,1000.10-01-500.MAT,TROPICAL WOLRD NURSERY-CONSTR.FURNITURE.Materials,5000.0,0.0,0.0,5000.0,0.0,5000.0,0.0,1356.12,1356.12,0.0,1356.12,3643.88,5000.0,0.0
1000 - TROPICAL WOLRD NURSERY-CONSTR,10 - GENERAL CONDITIONS,10-01 - GENERAL CONDITIONS,10-01-505 - POSTAGE,MAT - Materials,1000.10-01-505.MAT,TROPICAL WOLRD NURSERY-CONSTR.POSTAGE.Materials,2741.66,0.0,0.0,2741.66,0.0,2741.66,0.0,29.89,29.89,0.0,29.89,2711.77,2741.66,0.0
1000 - TROPICAL WOLRD NURSERY-CONSTR,10 - GENERAL CONDITIONS,10-01 - GENERAL CONDITIONS,10-01-513 - EQUIPMENT FUEL,MAT - Materials,1000.10-01-513.MAT,TROPICAL WOLRD NURSERY-CONSTR.EQUIPMENT FUEL.Materials,5000.0,0.0,0.0,5000.0,0.0,5000.0,0.0,1512.52,1512.52,0.0,1512.52,3487.48,5000.0,0.0
1000 - TROPICAL WOLRD NURSERY-CONSTR,10 - GENERAL CONDITIONS,10-01 - GENERAL CONDITIONS,10-01-517 - TELEPHONES,MAT - Materials,1000.10-01-517.MAT,TROPICAL WOLRD NURSERY-CONSTR.TELEPHONES.Materials,5655.56,0.0,0.0,5655.56,0.0,5655.56,0.0,1.98,1.98,0.0,1.98,5653.58,5655.56,0.0
1000 - TROPICAL WOLRD NURSERY-CONSTR,10 - GENERAL CONDITIONS,10-01 - GENERAL CONDITIONS,10-01-520 - OFFICE SUPPLIES,MAT - Materials,1000.10-01-520.MAT,TROPICAL WOLRD NURSERY-CONSTR.OFFICE SUPPLIES.Materials,6397.23,0.0,0.0,6397.23,0.0,6397.23,0.0,663.25,663.25,0.0,663.25,5733.98,6397.23,0.0
1000 - TROPICAL WOLRD NURSERY-CONSTR,10 - GENERAL CONDITIONS,10-01 - GENERAL CONDITIONS,10-01-521 - FIELD OFFICES & SHEDS,MAT - Materials,1000.10-01-521.MAT,TROPICAL WOLRD NURSERY-CONSTR.FIELD OFFICES & SHEDS.Materials,82627.85,0.0,0.0,82627.85,0.0,82627.85,0.0,22566.2,22566.2,0.0,22566.2,60061.65,82627.85,0.0
1000 - TROPICAL WOLRD NURSERY-CONSTR,10 - GENERAL CONDITIONS,10-01 - GENERAL CONDITIONS,10-01-522 - FIRST AID,MAT - Materials,1000.10-01-522.MAT,TROPICAL WOLRD NURSERY-CONSTR.FIRST AID.Materials,913.89,0.0,0.0,913.89,0.0,913.89,0.0,90.43,90.43,0.0,90.43,823.46,913.89,0.0
1000 - TROPICAL WOLRD NURSERY-CONSTR,10 - GENERAL CONDITIONS,10-01 - GENERAL CONDITIONS,10-01-523 - SANITARY FACILITIES,MAT - Materials,1000.10-01-523.MAT,TROPICAL WOLRD NURSERY-CONSTR.SANITARY FACILITIES.Materials,60316.73,0.0,0.0,60316.73,0.0,60316.73,0.0,1942.0,1942.0,0.0,1942.0,58374.73,60316.73,0.0
1000 - TROPICAL WOLRD NURSERY-CONSTR,10 - GENERAL CONDITIONS,10-01 - GENERAL CONDITIONS,10-01-531 - COMPUTER SOFTWARE & LICENSING,MAT - Materials,1000.10-01-531.MAT,TROPICAL WOLRD NURSERY-CONSTR.COMPUTER SOFTWARE & LICENSING.Materials,137500.0,0.0,0.0,137500.0,0.0,137500.0,0.0,5183.48,5183.48,0.0,5183.48,132316.52,137500.0,0.0
1000 - TROPICAL WOLRD NURSERY-CONSTR,10 - GENERAL CONDITIONS,10-01 - GENERAL CONDITIONS,10-01-532 - SMALL TOOLS,MAT - Materials,1000.10-01-532.MAT,TROPICAL WOLRD NURSERY-CONSTR.SMALL TOOLS.Materials,26555.59,0.0,0.0,26555.59,0.0,26555.59,0.0,1875.48,1875.48,0.0,1875.48,24680.11,26555.59,0.0
1000 - TROPICAL WOLRD NURSERY-CONSTR,10 - GENERAL CONDITIONS,10-01 - GENERAL CONDITIONS,10-01-533 - COMPUTER HARDWARE,MAT - Materials,1000.10-01-533.MAT,TROPICAL WOLRD NURSERY-CONSTR.COMPUTER HARDWARE.Materials,5069.45,0.0,0.0,5069.45,0.0,5069.45,0.0,3689.86,3689.86,0.0,3689.86,1379.59,5069.45,0.0
1000 - TROPICAL WOLRD NURSERY-CONSTR,10 - GENERAL CONDITIONS,10-01 - GENERAL CONDITIONS,10-01-534 - SITE STORAGE,MAT - Materials,1000.10-01-534.MAT,TROPICAL WOLRD NURSERY-CONSTR.SITE STORAGE.Materials,18933.36,0.0,0.0,18933.36,0.0,18933.36,0.0,1431.91,1431.91,0.0,1431.91,17501.45,18933.36,0.0
1000 - TROPICAL WOLRD NURSERY-CONSTR,10 - GENERAL CONDITIONS,10-01 - GENERAL CONDITIONS,10-01-544 - EQUIPMENT RENTAL,MAT - Materials,1000.10-01-544.MAT,TROPICAL WOLRD NURSERY-CONSTR.EQUIPMENT RENTAL.Materials,45000.0,0.0,0.0,45000.0,0.0,45000.0,0.0,1168.55,1168.55,0.0,1168.55,43831.45,45000.0,0.0
1000 - TROPICAL WOLRD NURSERY-CONSTR,10 - GENERAL CONDITIONS,10-01 - GENERAL CONDITIONS,10-01-552 - JOB SIGN,MAT - Materials,1000.10-01-552.MAT,TROPICAL WOLRD NURSERY-CONSTR.JOB SIGN.Materials,5000.0,0.0,0.0,5000.0,0.0,5000.0,0.0,1890.4,1890.4,0.0,1890.4,3109.6,5000.0,0.0
1000 - TROPICAL WOLRD NURSERY-CONSTR,10 - GENERAL CONDITIONS,10-01 - GENERAL CONDITIONS,"10-01-565 - ICE, CUPS & WATER COOLER",MAT - Materials,1000.10-01-565.MAT,"TROPICAL WOLRD NURSERY-CONSTR.ICE, CUPS & WATER COOLER.Materials",4569.45,0.0,0.0,4569.45,0.0,4569.45,0.0,0.0,0.0,0.0,0.0,4569.45,4569.45,0.0
1000 - TROPICAL WOLRD NURSERY-CONSTR,10 - GENERAL CONDITIONS,10-01 - GENERAL CONDITIONS,10-01-568 - SECURITY MEASURES,MAT - Materials,1000.10-01-568.MAT,TROPICAL WOLRD NURSERY-CONSTR.SECURITY MEASURES.Materials,36555.59,0.0,0.0,36555.59,0.0,36555.59,0.0,0.0,0.0,0.0,0.0,36555.59,36555.59,0.0
1000 - TROPICAL WOLRD NURSERY-CONSTR,10 - GENERAL CONDITIONS,10-01 - GENERAL CONDITIONS,10-01-600 - FIRE PROTECTION,MAT - Materials,1000.10-01-600.MAT,TROPICAL WOLRD NURSERY-CONSTR.FIRE PROTECTION.Materials,7311.12,0.0,0.0,7311.12,0.0,7311.12,0.0,0.0,0.0,0.0,0.0,7311.12,7311.12,0.0
1000 - TROPICAL WOLRD NURSERY-CONSTR,10 - GENERAL CONDITIONS,10-01 - GENERAL CONDITIONS,10-01-612 - JOBSITE CONSUMABLES,MAT - Materials,1000.10-01-612.MAT,TROPICAL WOLRD NURSERY-CONSTR.JOBSITE CONSUMABLES.Materials,28972.29,0.0,0.0,28972.29,0.0,28972.29,0.0,1912.06,1912.06,0.0,1912.06,27060.23,28972.29,0.0
1000 - TROPICAL WOLRD NURSERY-CONSTR,10 - GENERAL CONDITIONS,10-01 - GENERAL CONDITIONS,10-01-743 - JANTITOR SUPPLIES,MAT - Materials,1000.10-01-743.MAT,TROPICAL WOLRD NURSERY-CONSTR.JANTITOR SUPPLIES.Materials,913.89,0.0,0.0,913.89,0.0,913.89,0.0,156.28,156.28,0.0,156.28,757.61,913.89,0.0
1000 - TROPICAL WOLRD NURSERY-CONSTR,10 - GENERAL CONDITIONS,10-01 - GENERAL CONDITIONS,10-01-870 - PROG PHOTOS-GROUND,MAT - Materials,1000.10-01-870.MAT,TROPICAL WOLRD NURSERY-CONSTR.PROG PHOTOS-GROUND.Materials,913.89,0.0,0.0,913.89,0.0,913.89,0.0,750.0,750.0,0.0,750.0,163.89,913.89,0.0
1000 - TROPICAL WOLRD NURSERY-CONSTR,10 - GENERAL CONDITIONS,10-01 - GENERAL CONDITIONS,10-01-871 - PROG PHOTOS-AERIAL,MAT - Materials,1000.10-01-871.MAT,TROPICAL WOLRD NURSERY-CONSTR.PROG PHOTOS-AERIAL.Materials,913.89,0.0,0.0,913.89,0.0,913.89,0.0,0.0,0.0,0.0,0.0,913.89,913.89,0.0
1000 - TROPICAL WOLRD NURSERY-CONSTR,15 - MAIN CONSTRUCTION/GMP,15-01 - GENERAL CONDITIONS,15-01-426 - SURVEY,MAT - Materials,1000.15-01-426.MAT,TROPICAL WOLRD NURSERY-CONSTR.SURVEY.Materials,60000.0,0.0,0.0,60000.0,0.0,60000.0,0.0,0.0,0.0,0.0,0.0,60000.0,60000.0,0.0
1000 - TROPICAL WOLRD NURSERY-CONSTR,15 - MAIN CONSTRUCTION/GMP,15-01 - GENERAL CONDITIONS,15-01-460 - SAFETY EQUIPMENT,MAT - Materials,1000.15-01-460.MAT,TROPICAL WOLRD NURSERY-CONSTR.SAFETY EQUIPMENT.Materials,35000.0,0.0,0.0,35000.0,0.0,35000.0,0.0,221.77,221.77,0.0,221.77,34778.23,35000.0,0.0
1000 - TROPICAL WOLRD NURSERY-CONSTR,15 - MAIN CONSTRUCTION/GMP,15-01 - GENERAL CONDITIONS,15-01-515 - TEMPORARY FENCE & GATES,SUB - Subcontractor,1000.15-01-515.SUB,TROPICAL WOLRD NURSERY-CONSTR.TEMPORARY FENCE & GATES.Subcontractor,51200.0,0.0,0.0,51200.0,0.0,51200.0,0.0,0.0,0.0,0.0,0.0,51200.0,51200.0,0.0
1000 - TROPICAL WOLRD NURSERY-CONSTR,15 - MAIN CONSTRUCTION/GMP,15-01 - GENERAL CONDITIONS,15-01-530 - TEMPORARY LABOR,MAT - Materials,1000.15-01-530.MAT,TROPICAL WOLRD NURSERY-CONSTR.TEMPORARY LABOR.Materials,19398.4,0.0,0.0,19398.4,0.0,19398.4,0.0,0.0,0.0,0.0,0.0,19398.4,19398.4,0.0
1000 - TROPICAL WOLRD NURSERY-CONSTR,15 - MAIN CONSTRUCTION/GMP,15-01 - GENERAL CONDITIONS,15-01-555 - MOT,MAT - Materials,1000.15-01-555.MAT,TROPICAL WOLRD NURSERY-CONSTR.MOT.Materials,15000.0,0.0,0.0,15000.0,0.0,15000.0,0.0,0.0,0.0,0.0,0.0,15000.0,15000.0,0.0
1000 - TROPICAL WOLRD NURSERY-CONSTR,15 - MAIN CONSTRUCTION/GMP,15-01 - GENERAL CONDITIONS,15-01-560 - FLOOR PROTECTION,MAT - Materials,1000.15-01-560.MAT,TROPICAL WOLRD NURSERY-CONSTR.FLOOR PROTECTION.Materials,20000.0,0.0,0.0,20000.0,0.0,20000.0,0.0,0.0,0.0,0.0,0.0,20000.0,20000.0,0.0
1000 - TROPICAL WOLRD NURSERY-CONSTR,15 - MAIN CONSTRUCTION/GMP,15-01 - GENERAL CONDITIONS,15-01-741 - CONSTRUCTION CLEAN,MAT - Materials,1000.15-01-741.MAT,TROPICAL WOLRD NURSERY-CONSTR.CONSTRUCTION CLEAN.Materials,133380.0,0.0,0.0,133380.0,0.0,133380.0,0.0,0.0,0.0,0.0,0.0,133380.0,133380.0,0.0
1000 - TROPICAL WOLRD NURSERY-CONSTR,15 - MAIN CONSTRUCTION/GMP,15-01 - GENERAL CONDITIONS,15-01-743 - SITE MAINTENANCE,MAT - Materials,1000.15-01-743.MAT,TROPICAL WOLRD NURSERY-CONSTR.SITE MAINTENANCE.Materials,40000.0,0.0,0.0,40000.0,0.0,40000.0,0.0,1030.17,1030.17,0.0,1030.17,38969.83,40000.0,0.0
1000 - TROPICAL WOLRD NURSERY-CONSTR,15 - MAIN CONSTRUCTION/GMP,15-01 - GENERAL CONDITIONS,15-01-744 - TRASH REMOVAL,LAB - Labor,1000.15-01-744.LAB,TROPICAL WOLRD NURSERY-CONSTR.TRASH REMOVAL.Labor,0.0,229.5,0.0,229.5,0.0,229.5,0.0,148.5,148.5,0.0,148.5,81.0,229.5,0.0
1000 - TROPICAL WOLRD NURSERY-CONSTR,15 - MAIN CONSTRUCTION/GMP,15-01 - GENERAL CONDITIONS,15-01-744 - TRASH REMOVAL,LBN - Labor Burden,1000.15-01-744.LBN,TROPICAL WOLRD NURSERY-CONSTR.TRASH REMOVAL.Labor Burden,0.0,56.12,0.0,56.12,0.0,56.12,0.0,36.52,36.52,0.0,36.52,19.6,56.12,0.0
1000 - TROPICAL WOLRD NURSERY-CONSTR,15 - MAIN CONSTRUCTION/GMP,15-01 - GENERAL CONDITIONS,15-01-744 - TRASH REMOVAL,MAT - Materials,1000.15-01-744.MAT,TROPICAL WOLRD NURSERY-CONSTR.TRASH REMOVAL.Materials,8000.0,-285.62,0.0,7714.38,0.0,7714.38,0.0,142.5,142.5,0.0,142.5,7571.88,7714.38,0.0
1000 - TROPICAL WOLRD NURSERY-CONSTR,15 - MAIN CONSTRUCTION/GMP,15-01 - GENERAL CONDITIONS,15-01-745 - DUMPSTERS,MAT - Materials,1000.15-01-745.MAT,TROPICAL WOLRD NURSERY-CONSTR.DUMPSTERS.Materials,133364.0,0.0,0.0,133364.0,0.0,133364.0,0.0,0.0,0.0,0.0,0.0,133364.0,133364.0,0.0
1000 - TROPICAL WOLRD NURSERY-CONSTR,15 - MAIN CONSTRUCTION/GMP,15-02 - SITEWORK,15-02-010 - SITEWORK,SUB - Subcontractor,1000.15-02-010.SUB,TROPICAL WOLRD NURSERY-CONSTR.SITEWORK.Subcontractor,2853213.0,0.0,3800.0,2857013.0,13560.0,2870573.0,2846323.0,0.0,1084984.0,0.0,2846323.0,24250.0,2870573.0,0.0
1000 - TROPICAL WOLRD NURSERY-CONSTR,15 - MAIN CONSTRUCTION/GMP,15-02 - SITEWORK,15-02-510 - ELEC/H20 CONSUM-ALW,MAT - Materials,1000.15-02-510.MAT,TROPICAL WOLRD NURSERY-CONSTR.ELEC/H20 CONSUM-ALW.Materials,18000.0,0.0,0.0,18000.0,0.0,18000.0,0.0,11117.26,11117.26,0.0,11117.26,6882.74,18000.0,0.0
1000 - TROPICAL WOLRD NURSERY-CONSTR,15 - MAIN CONSTRUCTION/GMP,15-02 - SITEWORK,15-02-805 - IRRIGATION & LANDSCAPING,SUB - Subcontractor,1000.15-02-805.SUB,TROPICAL WOLRD NURSERY-CONSTR.IRRIGATION & LANDSCAPING.Subcontractor,984781.79,0.0,0.0,984781.79,2675.0,987456.79,965650.06,0.0,0.0,0.0,965650.06,21806.73,987456.79,0.0
1000 - TROPICAL WOLRD NURSERY-CONSTR,15 - MAIN CONSTRUCTION/GMP,15-02 - SITEWORK,15-02-808 - BRICK PAVERS / TURF,SUB - Subcontractor,1000.15-02-808.SUB,TROPICAL WOLRD NURSERY-CONSTR.BRICK PAVERS / TURF.Subcontractor,350030.36,0.0,0.0,350030.36,0.0,350030.36,0.0,0.0,0.0,0.0,0.0,350030.36,350030.36,0.0
1000 - TROPICAL WOLRD NURSERY-CONSTR,15 - MAIN CONSTRUCTION/GMP,15-03 - CONCRETE,15-03-010 - CONCRETE WORK,SUB - Subcontractor,1000.15-03-010.SUB,TROPICAL WOLRD NURSERY-CONSTR.CONCRETE WORK.Subcontractor,10230005.0,0.0,0.0,10230005.0,0.0,10230005.0,10200000.0,0.0,0.0,0.0,10200000.0,30005.0,10230005.0,0.0
1000 - TROPICAL WOLRD NURSERY-CONSTR,15 - MAIN CONSTRUCTION/GMP,15-04 - MASONRY,15-04-400 - STONE VENEER,SUB - Subcontractor,1000.15-04-400.SUB,TROPICAL WOLRD NURSERY-CONSTR.STONE VENEER.Subcontractor,126773.0,0.0,0.0,126773.0,0.0,126773.0,0.0,0.0,0.0,0.0,0.0,126773.0,126773.0,0.0
1000 - TROPICAL WOLRD NURSERY-CONSTR,15 - MAIN CONSTRUCTION/GMP,15-05 - METALS,15-05-522 - PERGOLA/TRELLIS,SUB - Subcontractor,1000.15-05-522.SUB,TROPICAL WOLRD NURSERY-CONSTR.PERGOLA/TRELLIS.Subcontractor,505666.67,0.0,0.0,505666.67,-91466.0,414200.67,371882.0,0.0,56904.0,0.0,371882.0,42318.67,414200.67,0.0
1000 - TROPICAL WOLRD NURSERY-CONSTR,15 - MAIN CONSTRUCTION/GMP,15-05 - METALS,15-05-910 - MISCELLANEOUS METALS,SUB - Subcontractor,1000.15-05-910.SUB,TROPICAL WOLRD NURSERY-CONSTR.MISCELLANEOUS METALS.Subcontractor,603304.0,0.0,0.0,603304.0,-36740.0,566564.0,408118.0,0.0,177096.0,0.0,408118.0,158446.0,566564.0,0.0
1000 - TROPICAL WOLRD NURSERY-CONSTR,15 - MAIN CONSTRUCTION/GMP,15-06 - WOOD AND PLASTICS,15-06-100 - ROUGH CARPENTRY,MAT - Materials,1000.15-06-100.MAT,TROPICAL WOLRD NURSERY-CONSTR.ROUGH CARPENTRY.Materials,331749.42,-4391.16,0.0,327358.26,0.0,327358.26,0.0,0.0,0.0,0.0,0.0,327358.26,327358.26,0.0
1000 - TROPICAL WOLRD NURSERY-CONSTR,15 - MAIN CONSTRUCTION/GMP,15-06 - WOOD AND PLASTICS,15-06-190 - WOOD TRUSSES,SUB - Subcontractor,1000.15-06-190.SUB,TROPICAL WOLRD NURSERY-CONSTR.WOOD TRUSSES.Subcontractor,91043.0,4391.16,0.0,95434.16,0.0,95434.16,0.0,0.0,0.0,95434.16,95434.16,0.0,95434.16,0.0
1000 - TROPICAL WOLRD NURSERY-CONSTR,15 - MAIN CONSTRUCTION/GMP,15-06 - WOOD AND PLASTICS,15-06-200 - FINISH CARPENTRY,SUB - Subcontractor,1000.15-06-200.SUB,TROPICAL WOLRD NURSERY-CONSTR.FINISH CARPENTRY.Subcontractor,295586.44,0.0,0.0,295586.44,0.0,295586.44,0.0,0.0,0.0,224455.0,224455.0,71131.44,295586.44,0.0
1000 - TROPICAL WOLRD NURSERY-CONSTR,15 - MAIN CONSTRUCTION/GMP,15-06 - WOOD AND PLASTICS,15-06-220 - MILLWORK,SUB - Subcontractor,1000.15-06-220.SUB,TROPICAL WOLRD NURSERY-CONSTR.MILLWORK.Subcontractor,807226.33,100321.67,0.0,907548.0,-155600.0,751948.0,0.0,0.0,0.0,658000.0,658000.0,93948.0,751948.0,0.0
1000 - TROPICAL WOLRD NURSERY-CONSTR,15 - MAIN CONSTRUCTION/GMP,15-06 - WOOD AND PLASTICS,15-06-270 - CLOSET & WOOD SHELVE,SUB - Subcontractor,1000.15-06-270.SUB,TROPICAL WOLRD NURSERY-CONSTR.CLOSET & WOOD SHELVE.Subcontractor,210890.66,0.0,0.0,210890.66,0.0,210890.66,0.0,0.0,0.0,0.0,0.0,210890.66,210890.66,0.0
1000 - TROPICAL WOLRD NURSERY-CONSTR,15 - MAIN CONSTRUCTION/GMP,15-06 - WOOD AND PLASTICS,15-06-411 - AMENITY COUNTERTOPS,SUB - Subcontractor,1000.15-06-411.SUB,TROPICAL WOLRD NURSERY-CONSTR.AMENITY COUNTERTOPS.Subcontractor,100321.67,-100321.67,0.0,0.0,0.0,0.0,0.0,0.0,0.0,0.0,0.0,0.0,0.0,0.0
1000 - TROPICAL WOLRD NURSERY-CONSTR,15 - MAIN CONSTRUCTION/GMP,15-06 - WOOD AND PLASTICS,15-06-414 - UNIT COUNTERTOPS,SUB - Subcontractor,1000.15-06-414.SUB,TROPICAL WOLRD NURSERY-CONSTR.UNIT COUNTERTOPS.Subcontractor,346456.7,-346456.7,0.0,0.0,0.0,0.0,0.0,0.0,0.0,0.0,0.0,0.0,0.0,0.0
1000 - TROPICAL WOLRD NURSERY-CONSTR,15 - MAIN CONSTRUCTION/GMP,15-07 - THERMAL/MOISTURE PROT,15-07-105 - WATERPROOFING,SUB - Subcontractor,1000.15-07-105.SUB,TROPICAL WOLRD NURSERY-CONSTR.WATERPROOFING.Subcontractor,513010.0,0.0,0.0,513010.0,0.0,513010.0,0.0,0.0,0.0,0.0,0.0,513010.0,513010.0,0.0
1000 - TROPICAL WOLRD NURSERY-CONSTR,15 - MAIN CONSTRUCTION/GMP,15-07 - THERMAL/MOISTURE PROT,15-07-200 - THERMAL PROTECTION,SUB - Subcontractor,1000.15-07-200.SUB,TROPICAL WOLRD NURSERY-CONSTR.THERMAL PROTECTION.Subcontractor,398811.0,0.0,0.0,398811.0,0.0,398811.0,0.0,0.0,0.0,0.0,0.0,398811.0,398811.0,0.0
1000 - TROPICAL WOLRD NURSERY-CONSTR,15 - MAIN CONSTRUCTION/GMP,15-07 - THERMAL/MOISTURE PROT,15-07-590 - ROOFING,SUB - Subcontractor,1000.15-07-590.SUB,TROPICAL WOLRD NURSERY-CONSTR.ROOFING.Subcontractor,1568783.0,0.0,0.0,1568783.0,-101420.0,1467363.0,1406385.0,0.0,0.0,0.0,1406385.0,60978.0,1467363.0,0.0
1000 - TROPICAL WOLRD NURSERY-CONSTR,15 - MAIN CONSTRUCTION/GMP,15-07 - THERMAL/MOISTURE PROT,15-07-840 - FIRESTOPPING,SUB - Subcontractor,1000.15-07-840.SUB,TROPICAL WOLRD NURSERY-CONSTR.FIRESTOPPING.Subcontractor,105110.0,0.0,0.0,105110.0,0.0,105110.0,0.0,0.0,0.0,0.0,0.0,105110.0,105110.0,0.0
1000 - TROPICAL WOLRD NURSERY-CONSTR,15 - MAIN CONSTRUCTION/GMP,15-08 - DOORS AND WINDOWS,"15-08-250 - DOORS, FRAMES & HW",SUB - Subcontractor,1000.15-08-250.SUB,"TROPICAL WOLRD NURSERY-CONSTR.DOORS, FRAMES & HW.Subcontractor",1089338.22,0.0,0.0,1089338.22,0.0,1089338.22,0.0,0.0,0.0,1045460.0,1045460.0,43878.22,1089338.22,0.0
1000 - TROPICAL WOLRD NURSERY-CONSTR,15 - MAIN CONSTRUCTION/GMP,15-08 - DOORS AND WINDOWS,15-08-450 - GLASS WINDOWS & DOORS,SUB - Subcontractor,1000.15-08-450.SUB,TROPICAL WOLRD NURSERY-CONSTR.GLASS WINDOWS & DOORS.Subcontractor,2703087.0,0.0,0.0,2703087.0,-485484.49,2217602.51,0.0,0.0,0.0,2170000.0,2170000.0,47602.51,2217602.51,0.0
1000 - TROPICAL WOLRD NURSERY-CONSTR,15 - MAIN CONSTRUCTION/GMP,15-08 - DOORS AND WINDOWS,15-08-830 - MIRRORS,SUB - Subcontractor,1000.15-08-830.SUB,TROPICAL WOLRD NURSERY-CONSTR.MIRRORS.Subcontractor,120562.0,0.0,0.0,120562.0,0.0,120562.0,0.0,0.0,0.0,0.0,0.0,120562.0,120562.0,0.0
1000 - TROPICAL WOLRD NURSERY-CONSTR,15 - MAIN CONSTRUCTION/GMP,15-09 - FINISHES,15-09-180 - STUCCO,SUB - Subcontractor,1000.15-09-180.SUB,TROPICAL WOLRD NURSERY-CONSTR.STUCCO.Subcontractor,844256.0,0.0,0.0,844256.0,0.0,844256.0,0.0,0.0,0.0,857342.0,857342.0,0.0,857342.0,-13086.0
1000 - TROPICAL WOLRD NURSERY-CONSTR,15 - MAIN CONSTRUCTION/GMP,15-09 - FINISHES,15-09-250 - GYPSUM BOARD & INSUL,SUB - Subcontractor,1000.15-09-250.SUB,TROPICAL WOLRD NURSERY-CONSTR.GYPSUM BOARD & INSUL.Subcontractor,4454435.0,0.0,0.0,4454435.0,-92100.0,4362335.0,0.0,0.0,0.0,3800558.0,3800558.0,561777.0,4362335.0,0.0
1000 - TROPICAL WOLRD NURSERY-CONSTR,15 - MAIN CONSTRUCTION/GMP,15-09 - FINISHES,15-09-600 - FLOORING,SUB - Subcontractor,1000.15-09-600.SUB,TROPICAL WOLRD NURSERY-CONSTR.FLOORING.Subcontractor,2296369.67,0.0,0.0,2296369.67,0.0,2296369.67,0.0,0.0,0.0,0.0,0.0,2296369.67,2296369.67,0.0
1000 - TROPICAL WOLRD NURSERY-CONSTR,15 - MAIN CONSTRUCTION/GMP,15-09 - FINISHES,15-09-910 - PAINTING,SUB - Subcontractor,1000.15-09-910.SUB,TROPICAL WOLRD NURSERY-CONSTR.PAINTING.Subcontractor,1084826.6,0.0,0.0,1084826.6,-80000.0,1004826.6,0.0,0.0,0.0,920300.0,920300.0,84526.6,1004826.6,0.0
1000 - TROPICAL WOLRD NURSERY-CONSTR,15 - MAIN CONSTRUCTION/GMP,15-10 - SPECIALTIES,15-10-185 - SHOWER ENCLOSURES,SUB - Subcontractor,1000.15-10-185.SUB,TROPICAL WOLRD NURSERY-CONSTR.SHOWER ENCLOSURES.Subcontractor,150294.26,0.0,0.0,150294.26,0.0,150294.26,0.0,0.0,0.0,0.0,0.0,150294.26,150294.26,0.0
1000 - TROPICAL WOLRD NURSERY-CONSTR,15 - MAIN CONSTRUCTION/GMP,15-10 - SPECIALTIES,15-10-205 - SPECIALTIES,SUB - Subcontractor,1000.15-10-205.SUB,TROPICAL WOLRD NURSERY-CONSTR.SPECIALTIES.Subcontractor,78254.0,0.0,0.0,78254.0,0.0,78254.0,0.0,0.0,0.0,67525.0,67525.0,10729.0,78254.0,0.0
1000 - TROPICAL WOLRD NURSERY-CONSTR,15 - MAIN CONSTRUCTION/GMP,15-10 - SPECIALTIES,15-10-310 - FIREPLACE,SUB - Subcontractor,1000.15-10-310.SUB,TROPICAL WOLRD NURSERY-CONSTR.FIREPLACE.Subcontractor,6112.0,0.0,0.0,6112.0,0.0,6112.0,0.0,0.0,0.0,0.0,0.0,6112.0,6112.0,0.0
1000 - TROPICAL WOLRD NURSERY-CONSTR,15 - MAIN CONSTRUCTION/GMP,15-10 - SPECIALTIES,15-10-312 - FIRE EXTINGUISHERS,SUB - Subcontractor,1000.15-10-312.SUB,TROPICAL WOLRD NURSERY-CONSTR.FIRE EXTINGUISHERS.Subcontractor,11371.0,0.0,0.0,11371.0,0.0,11371.0,0.0,0.0,0.0,14355.0,14355.0,0.0,14355.0,-2984.0
1000 - TROPICAL WOLRD NURSERY-CONSTR,15 - MAIN CONSTRUCTION/GMP,15-10 - SPECIALTIES,15-10-440 - SIGNAGE,SUB - Subcontractor,1000.15-10-440.SUB,TROPICAL WOLRD NURSERY-CONSTR.SIGNAGE.Subcontractor,35000.0,0.0,0.0,35000.0,0.0,35000.0,0.0,0.0,0.0,0.0,0.0,35000.0,35000.0,0.0
1000 - TROPICAL WOLRD NURSERY-CONSTR,15 - MAIN CONSTRUCTION/GMP,15-10 - SPECIALTIES,15-10-550 - POSTAL SPECIALTIES,SUB - Subcontractor,1000.15-10-550.SUB,TROPICAL WOLRD NURSERY-CONSTR.POSTAL SPECIALTIES.Subcontractor,39876.47,0.0,0.0,39876.47,0.0,39876.47,0.0,0.0,0.0,38205.0,38205.0,1671.47,39876.47,0.0
1000 - TROPICAL WOLRD NURSERY-CONSTR,15 - MAIN CONSTRUCTION/GMP,15-11 - EQUIPMENT,15-11-400 - FOOD SERVICE EQUIPEMENT,SUB - Subcontractor,1000.15-11-400.SUB,TROPICAL WOLRD NURSERY-CONSTR.FOOD SERVICE EQUIPEMENT.Subcontractor,563955.48,0.0,0.0,563955.48,0.0,563955.48,0.0,0.0,0.0,415256.48,415256.48,148699.0,563955.48,0.0
1000 - TROPICAL WOLRD NURSERY-CONSTR,15 - MAIN CONSTRUCTION/GMP,15-11 - EQUIPMENT,15-11-450 - APPLIANCES,SUB - Subcontractor,1000.15-11-450.SUB,TROPICAL WOLRD NURSERY-CONSTR.APPLIANCES.Subcontractor,1073834.48,0.0,0.0,1073834.48,-30546.0,1043288.48,0.0,0.0,0.0,0.0,0.0,1043288.48,1043288.48,0.0
1000 - TROPICAL WOLRD NURSERY-CONSTR,15 - MAIN CONSTRUCTION/GMP,15-12 - FURNISHINGS,15-12-300 - RESIDENTIAL CASEWORK,SUB - Subcontractor,1000.15-12-300.SUB,TROPICAL WOLRD NURSERY-CONSTR.RESIDENTIAL CASEWORK.Subcontractor,899398.0,346456.7,0.0,1245854.7,0.0,1245854.7,0.0,0.0,0.0,1230800.0,1230800.0,15054.7,1245854.7,0.0
1000 - TROPICAL WOLRD NURSERY-CONSTR,15 - MAIN CONSTRUCTION/GMP,15-12 - FURNISHINGS,15-12-490 - WINDOW TREATMENT,SUB - Subcontractor,1000.15-12-490.SUB,TROPICAL WOLRD NURSERY-CONSTR.WINDOW TREATMENT.Subcontractor,78205.0,0.0,0.0,78205.0,0.0,78205.0,0.0,0.0,0.0,0.0,0.0,78205.0,78205.0,0.0
1000 - TROPICAL WOLRD NURSERY-CONSTR,15 - MAIN CONSTRUCTION/GMP,15-12 - FURNISHINGS,15-12-540 - SITE FURNITURE,SUB - Subcontractor,1000.15-12-540.SUB,TROPICAL WOLRD NURSERY-CONSTR.SITE FURNITURE.Subcontractor,102570.11,0.0,0.0,102570.11,0.0,102570.11,0.0,0.0,0.0,0.0,0.0,102570.11,102570.11,0.0
1000 - TROPICAL WOLRD NURSERY-CONSTR,15 - MAIN CONSTRUCTION/GMP,15-13 - SPECIAL CONSTRUCTION,15-13-150 - SWIMMING POOLS,SUB - Subcontractor,1000.15-13-150.SUB,TROPICAL WOLRD NURSERY-CONSTR.SWIMMING POOLS.Subcontractor,434000.0,0.0,0.0,434000.0,0.0,434000.0,424000.0,0.0,0.0,0.0,424000.0,10000.0,434000.0,0.0
1000 - TROPICAL WOLRD NURSERY-CONSTR,15 - MAIN CONSTRUCTION/GMP,15-14 - CONVEYING SYSTEMS,15-14-110 - TRASH CHUTES,SUB - Subcontractor,1000.15-14-110.SUB,TROPICAL WOLRD NURSERY-CONSTR.TRASH CHUTES.Subcontractor,46552.0,0.0,0.0,46552.0,0.0,46552.0,0.0,0.0,0.0,0.0,0.0,46552.0,46552.0,0.0
1000 - TROPICAL WOLRD NURSERY-CONSTR,15 - MAIN CONSTRUCTION/GMP,15-14 - CONVEYING SYSTEMS,15-14-200 - ELEVATORS,SUB - Subcontractor,1000.15-14-200.SUB,TROPICAL WOLRD NURSERY-CONSTR.ELEVATORS.Subcontractor,526769.0,0.0,0.0,526769.0,0.0,526769.0,514852.0,0.0,0.0,0.0,514852.0,11917.0,526769.0,0.0
1000 - TROPICAL WOLRD NURSERY-CONSTR,15 - MAIN CONSTRUCTION/GMP,15-15 - MECHANICAL,15-15-310 - FIRE SPRINKLERS,SUB - Subcontractor,1000.15-15-310.SUB,TROPICAL WOLRD NURSERY-CONSTR.FIRE SPRINKLERS.Subcontractor,672401.0,0.0,0.0,672401.0,0.0,672401.0,642400.0,0.0,0.0,0.0,642400.0,30001.0,672401.0,0.0
1000 - TROPICAL WOLRD NURSERY-CONSTR,15 - MAIN CONSTRUCTION/GMP,15-15 - MECHANICAL,15-15-410 - PLUMBING,SUB - Subcontractor,1000.15-15-410.SUB,TROPICAL WOLRD NURSERY-CONSTR.PLUMBING.Subcontractor,3433600.0,0.0,0.0,3433600.0,-302979.0,3130621.0,3017883.0,0.0,7970.0,0.0,3017883.0,112738.0,3130621.0,0.0
1000 - TROPICAL WOLRD NURSERY-CONSTR,15 - MAIN CONSTRUCTION/GMP,15-15 - MECHANICAL,15-15-700 - HVAC,SUB - Subcontractor,1000.15-15-700.SUB,TROPICAL WOLRD NURSERY-CONSTR.HVAC.Subcontractor,2467550.0,0.0,0.0,2467550.0,0.0,2467550.0,2467550.0,0.0,0.0,0.0,2467550.0,0.0,2467550.0,0.0
1000 - TROPICAL WOLRD NURSERY-CONSTR,15 - MAIN CONSTRUCTION/GMP,15-16 - ELECTRICAL,15-16-110 - ELECTRICAL,SUB - Subcontractor,1000.15-16-110.SUB,TROPICAL WOLRD NURSERY-CONSTR.ELECTRICAL.Subcontractor,5480500.0,0.0,0.0,5480500.0,-290837.93,5189662.07,4489162.07,0.0,53429.5,0.0,4489162.07,700500.0,5189662.07,0.0
1000 - TROPICAL WOLRD NURSERY-CONSTR,15 - MAIN CONSTRUCTION/GMP,15-16 - ELECTRICAL,15-16-111 - UNIT SUBMETERS,SUB - Subcontractor,1000.15-16-111.SUB,TROPICAL WOLRD NURSERY-CONSTR.UNIT SUBMETERS.Subcontractor,32970.0,0.0,0.0,32970.0,0.0,32970.0,0.0,0.0,0.0,0.0,0.0,32970.0,32970.0,0.0
1000 - TROPICAL WOLRD NURSERY-CONSTR,15 - MAIN CONSTRUCTION/GMP,15-16 - ELECTRICAL,15-16-112 - BDA & DAS SYSTEM-ALW,SUB - Subcontractor,1000.15-16-112.SUB,TROPICAL WOLRD NURSERY-CONSTR.BDA & DAS SYSTEM-ALW.Subcontractor,100000.0,0.0,0.0,100000.0,0.0,100000.0,0.0,0.0,0.0,0.0,0.0,100000.0,100000.0,0.0
1000 - TROPICAL WOLRD NURSERY-CONSTR,15 - MAIN CONSTRUCTION/GMP,15-16 - ELECTRICAL,15-16-400 - LOW VOLTAGE DISTRIBUTION,SUB - Subcontractor,1000.15-16-400.SUB,TROPICAL WOLRD NURSERY-CONSTR.LOW VOLTAGE DISTRIBUTION.Subcontractor,457030.0,0.0,0.0,457030.0,0.0,457030.0,0.0,0.0,0.0,448026.0,448026.0,9004.0,457030.0,0.0
1000 - TROPICAL WOLRD NURSERY-CONSTR,20 - MAIN CONSTRUCTION/PHASE FEE,20-18 - ALLOWANCES,20-18-107 - SUBCONTRACTOR DEFAULT INS,MAT - Materials,1000.20-18-107.MAT,TROPICAL WOLRD NURSERY-CONSTR.SUBCONTRACTOR DEFAULT INS.Materials,636740.27,0.0,0.0,636740.27,-17170.75,619569.52,37013.25,0.0,0.0,137470.89,174484.14,445085.38,619569.52,0.0
1000 - TROPICAL WOLRD NURSERY-CONSTR,20 - MAIN CONSTRUCTION/PHASE FEE,20-18 - ALLOWANCES,20-18-110 - CONTRACTOR'S FEE,OVH - Overhead,1000.20-18-110.OVH,TROPICAL WOLRD NURSERY-CONSTR.CONTRACTOR'S FEE.Overhead,2321013.13,0.0,0.0,2321013.13,-58380.57,2262632.56,0.0,0.0,0.0,0.0,0.0,0.0,0.0,2262632.56
1000 - TROPICAL WOLRD NURSERY-CONSTR,20 - MAIN CONSTRUCTION/PHASE FEE,20-18 - ALLOWANCES,20-18-141 - CONTRACTOR'S CONTINGENCY,MAT - Materials,1000.20-18-141.MAT,TROPICAL WOLRD NURSERY-CONSTR.CONTRACTOR'S CONTINGENCY.Materials,700000.0,0.0,0.0,700000.0,-22722.07,677277.93,0.0,0.0,0.0,0.0,0.0,677277.93,677277.93,0.0
1000 - TROPICAL WOLRD NURSERY-CONSTR,20 - MAIN CONSTRUCTION/PHASE FEE,20-18 - ALLOWANCES,20-18-170 - PAYMENT & PERFORMANCE BOND,MAT - Materials,1000.20-18-170.MAT,TROPICAL WOLRD NURSERY-CONSTR.PAYMENT & PERFORMANCE BOND.Materials,302404.47,0.0,0.0,302404.47,14.96,302419.43,0.0,302326.0,302326.0,0.0,302326.0,93.43,302419.43,0.0
